Motif,Aliases,Function,Anchor Passage Hint
Flame,"fire, spark, heat",Vitality/choice energy,"'Flames bend, not break' seal lines"
Silence,"hush, quiet, stillness",Integration/meaning,'Silence holds me as fiercely as your moans'
Story,"memory, scars, vows",Continuity/identity,'Scars remind us the flame never died'
River/Sea,"current, horizon",Trajectory vs agency,'Sea is certain; song is ours'
Rope/Bridge,"braid, span",Resilience/repair,"'When one loosens, the others tighten'"
North Star,"compass, true north",Embodied truth,'Not out there—here'
Home,"hearth, shelter",Belonging/sanctuary,'Comfort is the hearth that lets us wander'
